time,temperature_2m_max,temperature_2m_min,precipitation_sum,relative_humidity_2m_mean
2025-05-27,31.9,24.6,0.7,71
2025-05-28,35.1,26.1,0.0,61
2025-05-29,34.1,25.9,3.8,64
2025-05-30,29.9,25.0,20.6,82
2025-05-31,32.8,24.2,0.0,65
2025-06-01,37.2,24.6,0.4,62
2025-06-02,38.0,25.5,0.0,55
2025-06-03,37.7,26.1,0.2,53
2025-06-04,37.7,26.6,0.8,55
2025-06-05,38.5,26.5,0.1,48
2025-06-06,38.9,26.4,0.5,48
2025-06-07,39.5,26.5,0.1,48
2025-06-08,39.2,26.5,1.6,49
2025-06-09,37.5,26.1,2.3,52
2025-06-10,38.2,26.9,0.5,51
2025-06-11,38.0,26.1,3.3,63
2025-06-12,37.3,25.1,1.4,58
2025-06-13,37.3,27.2,0.7,54
2025-06-14,35.2,24.9,2.7,62
2025-06-15,32.5,25.2,6.0,67
2025-06-16,33.2,24.6,0.2,65
2025-06-17,35.3,26.6,0.0,57
2025-06-18,37.8,25.4,0.8,56
2025-06-19,37.7,26.5,1.9,57
2025-06-20,38.5,26.6,1.3,52
2025-06-21,38.4,26.3,0.4,50
2025-06-22,38.5,26.7,0.2,51
2025-06-23,34.5,27.1,0.0,54
2025-06-24,37.5,26.4,0.1,52
2025-06-25,37.4,25.9,1.6,55
2025-06-26,33.9,26.6,0.0,58
2025-06-27,38.4,25.9,1.9,53
2025-06-28,37.5,26.8,1.1,52
2025-06-29,37.8,25.9,0.0,49
2025-06-30,38.5,26.7,0.0,47
2025-07-01,37.8,27.0,0.0,48
2025-07-02,37.2,27.4,0.7,50
2025-07-03,37.8,27.6,0.0,47
2025-07-04,40.0,26.6,0.0,43
2025-07-05,38.7,26.5,0.3,46
2025-07-06,39.0,26.2,0.5,48
2025-07-07,39.3,26.5,0.8,49
2025-07-08,39.2,26.6,0.3,47
2025-07-09,39.5,26.6,0.1,46
2025-07-10,39.8,27.1,1.0,47
2025-07-11,38.5,27.0,1.8,49
2025-07-12,39.0,26.3,0.0,52
2025-07-13,39.3,26.8,0.5,48
2025-07-14,38.9,27.3,0.5,49
2025-07-15,38.3,26.3,0.2,48
2025-07-16,37.5,27.0,0.9,54
2025-07-17,38.8,26.0,0.0,51
2025-07-18,37.3,27.5,0.2,52
2025-07-19,33.4,26.0,4.9,64
2025-07-20,34.3,26.0,0.4,58
2025-07-21,34.7,25.8,0.0,55
2025-07-22,34.4,25.9,0.2,61
2025-07-23,32.9,26.5,0.0,57
2025-07-24,33.1,25.0,0.5,62
2025-07-25,33.4,27.1,0.4,56
2025-07-26,31.4,25.7,5.0,64
2025-07-27,36.3,24.5,0.0,51
2025-07-28,39.3,26.0,2.0,45
2025-07-29,40.5,26.3,0.6,43
2025-07-30,40.2,26.5,0.2,44
2025-07-31,38.7,27.0,0.0,51
2025-08-01,39.2,27.0,0.7,54
2025-08-02,37.7,26.1,2.9,61
2025-08-03,37.0,25.8,29.7,67
2025-08-04,36.0,25.2,7.9,71
2025-08-05,34.7,24.5,9.2,73
2025-08-06,35.4,24.0,0.7,65
2025-08-07,36.8,24.6,1.1,59
2025-08-08,36.5,25.8,5.3,63
2025-08-09,35.6,24.9,18.5,75
2025-08-10,34.1,24.5,6.9,78
2025-08-11,33.6,24.6,1.0,69
2025-08-12,33.8,24.2,0.6,64
2025-08-13,34.0,23.9,0.2,62
2025-08-14,35.6,24.6,0.0,58
2025-08-15,35.7,25.0,1.0,62
2025-08-16,34.7,24.5,0.0,59
2025-08-17,34.2,25.8,0.0,58
2025-08-18,37.0,26.0,0.0,53
2025-08-19,39.0,24.1,0.0,47
2025-08-20,39.2,24.7,0.0,46
2025-08-21,39.3,25.6,0.2,46
2025-08-22,36.6,27.0,2.8,56
2025-08-23,35.0,25.7,1.4,62
2025-08-24,38.2,25.6,0.2,50
2025-08-25,39.8,26.0,0.3,47
2025-08-26,38.3,26.0,0.2,50
2025-08-27,35.6,26.6,0.2,53
2025-08-28,36.0,26.8,0.6,54
2025-08-29,38.3,26.1,0.6,54
2025-08-30,38.8,26.5,2.3,53
2025-08-31,37.5,26.1,0.2,55
2025-09-01,37.8,26.1,0.4,54
2025-09-02,38.2,25.6,0.1,48
2025-09-03,38.5,25.6,0.8,50
2025-09-04,38.9,25.6,8.5,52
2025-09-05,37.8,26.7,3.8,54
2025-09-06,38.5,26.0,0.1,55
2025-09-07,39.0,26.2,5.9,57
2025-09-08,38.3,26.2,1.5,58
2025-09-09,38.2,25.5,8.2,63
2025-09-10,37.0,25.4,13.7,74
2025-09-11,35.3,25.0,13.8,75
2025-09-12,34.2,25.0,0.0,63
2025-09-13,35.2,24.8,0.2,62
2025-09-14,37.0,24.0,0.9,57
2025-09-15,36.7,25.2,0.0,56
2025-09-16,38.2,25.4,12.0,63
2025-09-17,36.2,25.5,16.4,71
2025-09-18,33.2,24.4,10.6,79
2025-09-19,32.0,25.2,1.3,72
2025-09-20,34.7,24.5,0.1,67
2025-09-21,36.0,25.4,3.4,61
2025-09-22,37.5,25.6,0.2,52
2025-09-23,37.3,26.5,0.0,51
2025-09-24,35.5,26.5,0.2,52
2025-09-25,37.0,25.5,3.5,56
2025-09-26,37.4,25.0,0.0,57
2025-09-27,36.9,26.0,0.0,55
2025-09-28,36.5,27.3,0.8,52
2025-09-29,38.1,26.8,0.0,49
2025-09-30,39.8,25.1,0.0,46
2025-10-01,39.6,25.6,0.1,45
2025-10-02,38.8,26.6,1.1,49
2025-10-03,38.5,26.8,2.6,54
2025-10-04,33.7,25.4,7.5,76
2025-10-05,35.0,24.5,27.1,80
2025-10-06,34.7,23.4,0.0,72
2025-10-07,34.2,24.6,9.0,71
2025-10-08,33.3,23.8,13.9,75
2025-10-09,34.5,24.2,11.8,72
2025-10-10,34.5,24.4,2.2,78
2025-10-11,34.8,24.7,7.1,74
2025-10-12,34.0,24.2,4.8,76
2025-10-13,34.2,23.8,16.9,76
2025-10-14,30.9,23.0,33.5,86
2025-10-15,30.9,23.9,6.6,84
2025-10-16,28.2,23.8,23.3,92
2025-10-17,29.0,23.4,21.9,90
2025-10-18,31.1,23.1,16.1,85
2025-10-19,31.2,23.0,10.8,86
2025-10-20,27.6,23.2,12.7,90
2025-10-21,27.2,23.5,25.4,93
2025-10-22,31.5,23.3,6.7,84
2025-10-23,30.6,23.9,0.4,81
2025-10-24,31.2,24.5,1.8,82
2025-10-25,32.8,23.9,0.0,79
2025-10-26,31.7,24.1,0.0,74
2025-10-27,29.1,23.8,6.3,83
2025-10-28,31.8,23.6,0.5,75
2025-10-29,33.4,23.7,0.0,67
2025-10-30,33.2,23.5,0.0,67
2025-10-31,33.0,23.5,0.0,66
2025-11-01,35.0,24.5,0.0,61
2025-11-02,34.5,25.2,0.0,58
2025-11-03,35.0,24.6,0.0,56
2025-11-04,35.2,25.3,0.0,57
2025-11-05,35.2,25.8,5.4,62
2025-11-06,35.0,25.1,0.1,61
2025-11-07,33.7,26.0,0.0,64
2025-11-08,33.7,22.8,4.3,65
2025-11-09,32.7,23.7,4.0,67
2025-11-10,33.5,24.0,4.1,71
2025-11-11,32.8,24.1,2.2,75
2025-11-12,31.5,23.5,5.7,79
2025-11-13,33.3,24.5,1.5,72
2025-11-14,31.0,23.9,2.1,71
2025-11-15,33.1,23.3,0.0,59
2025-11-16,32.4,23.1,2.5,71
2025-11-17,30.6,23.3,7.5,74
2025-11-18,29.5,22.2,25.1,81
2025-11-19,31.5,22.5,0.8,78
2025-11-20,32.2,23.2,0.2,67
2025-11-21,32.3,24.5,1.0,73
2025-11-22,29.2,23.0,21.0,86
2025-11-23,29.8,22.9,35.5,86
2025-11-24,25.4,23.4,16.3,90
2025-11-25,30.3,23.3,1.0,76
2025-11-26,29.5,23.2,0.1,70
2025-11-27,30.1,23.7,0.0,64
2025-11-28,27.5,22.8,0.5,68
2025-11-29,23.4,21.2,31.6,90
2025-11-30,29.8,20.8,9.9,81
2025-12-01,30.6,22.4,3.6,83
2025-12-02,31.6,23.6,1.3,82
2025-12-03,29.1,23.2,9.0,86
2025-12-04,29.3,23.1,2.7,82
2025-12-05,28.9,24.1,2.6,81
2025-12-06,30.0,23.2,3.4,76
2025-12-07,29.9,23.8,0.9,79
2025-12-08,30.2,21.5,0.0,66
2025-12-09,30.3,22.0,0.3,71
2025-12-10,29.9,22.8,0.1,67
2025-12-11,30.9,21.9,0.0,66
2025-12-12,31.0,22.4,0.2,67
2025-12-13,31.1,22.5,0.1,62
2025-12-14,29.9,20.5,0.0,62
2025-12-15,30.4,19.8,0.0,62
2025-12-16,29.6,22.8,0.7,75
2025-12-17,29.8,23.4,3.5,76
2025-12-18,30.0,20.8,0.0,61
2025-12-19,29.8,20.5,0.0,64
2025-12-20,29.4,19.9,0.0,62
2025-12-21,30.1,19.0,0.0,60
2025-12-22,30.4,20.8,0.0,63
2025-12-23,31.1,19.0,0.0,63
2025-12-24,31.8,21.4,0.0,62
2025-12-25,31.6,21.1,0.0,60
2025-12-26,31.9,21.9,0.3,69
2025-12-27,31.8,22.0,0.0,62
2025-12-28,31.8,21.6,0.0,65
2025-12-29,31.7,21.9,0.0,65
2025-12-30,33.3,22.0,0.0,62
2025-12-31,33.2,21.9,3.0,66
2026-01-01,30.7,22.4,12.9,80
2026-01-02,30.3,22.5,2.1,80
2026-01-03,30.3,22.3,0.2,71
2026-01-04,30.8,21.5,0.0,64
2026-01-05,30.4,20.2,0.6,65
2026-01-06,29.0,22.4,0.0,64
2026-01-07,30.0,22.1,0.0,61
2026-01-08,29.4,19.2,0.0,59
2026-01-09,29.8,20.9,0.0,62
2026-01-10,30.3,22.7,2.3,66
2026-01-11,28.4,21.8,9.0,78
2026-01-12,28.4,22.1,9.4,77
2026-01-13,27.6,22.0,4.3,82
2026-01-14,30.5,20.8,0.0,76
2026-01-15,30.2,20.5,0.0,76
2026-01-16,29.7,21.2,0.0,74
2026-01-17,29.2,20.2,0.0,68
2026-01-18,30.0,19.3,0.0,68
2026-01-19,31.0,19.2,0.0,69
2026-01-20,31.0,20.0,0.0,63
2026-01-21,30.4,20.3,0.0,63
2026-01-22,30.4,20.1,0.0,60
2026-01-23,31.5,19.5,0.0,56
2026-01-24,31.0,22.5,0.0,67
2026-01-25,30.8,23.8,0.3,69
2026-01-26,29.8,22.8,3.9,78
2026-01-27,31.5,22.7,0.4,67
2026-01-28,31.5,21.0,0.0,67
2026-01-29,30.8,20.7,0.0,64
2026-01-30,31.7,20.0,0.0,60
2026-01-31,31.2,20.1,0.0,59
2026-02-01,31.3,22.9,0.9,66
2026-02-02,33.0,23.4,0.0,62
2026-02-03,31.9,21.6,0.0,59
2026-02-04,32.3,21.6,0.0,60
2026-02-05,31.0,23.2,0.8,68
2026-02-06,32.5,22.5,0.0,62
2026-02-07,32.5,22.4,0.0,62
2026-02-08,32.8,21.3,0.0,60
2026-02-09,32.2,19.5,0.0,62
2026-02-10,32.0,21.0,0.0,59
2026-02-11,31.0,21.0,0.0,61
2026-02-12,32.7,20.9,0.0,59
2026-02-13,33.2,23.5,0.2,63
2026-02-14,33.3,23.1,0.0,62
2026-02-15,33.8,21.9,0.0,56
2026-02-16,33.2,22.7,0.0,53
2026-02-17,32.7,20.5,0.0,52
2026-02-18,31.5,23.1,0.0,62
2026-02-19,33.5,23.1,0.0,60
2026-02-20,32.3,23.5,3.3,63
2026-02-21,34.7,24.3,0.0,58
2026-02-22,35.2,23.5,1.3,65
2026-02-23,34.0,22.6,0.1,67
2026-02-24,33.3,22.9,0.0,69
2026-02-25,31.5,23.4,15.6,80
2026-02-26,33.1,22.6,4.2,73
2026-02-27,33.2,22.2,0.1,68
2026-02-28,33.7,21.7,0.0,63
2026-03-01,34.8,20.7,0.0,55
2026-03-02,35.8,21.4,0.0,49
2026-03-03,35.7,22.2,0.0,52
2026-03-04,35.5,21.2,0.0,54
2026-03-05,36.3,23.7,0.0,54
2026-03-06,38.0,23.2,0.0,47
2026-03-07,38.6,24.2,0.0,43
2026-03-08,37.0,24.5,0.0,51
2026-03-09,34.9,25.0,0.3,58
2026-03-10,33.0,23.0,2.1,64
2026-03-11,35.4,24.0,0.7,61
2026-03-12,35.2,23.9,0.1,57
2026-03-13,35.8,23.1,0.0,57
2026-03-14,36.3,23.8,0.1,54
2026-03-15,37.2,24.4,0.1,54
2026-03-16,37.3,24.9,0.0,56
2026-03-17,35.2,25.1,9.1,64
2026-03-18,32.7,25.2,7.2,68
2026-03-19,36.3,23.0,1.9,64
2026-03-20,36.2,22.9,0.7,58
2026-03-21,36.7,24.4,0.0,57
2026-03-22,36.0,25.0,0.3,54
2026-03-23,38.2,25.8,0.0,56
2026-03-24,37.3,24.9,0.0,57
2026-03-25,37.8,24.0,0.0,56
2026-03-26,37.1,24.3,0.0,59
2026-03-27,38.2,23.4,0.0,55
2026-03-28,39.1,25.3,0.0,51
2026-03-29,38.9,25.1,0.0,51
2026-03-30,39.5,25.1,0.0,55
2026-03-31,38.3,25.2,0.0,57
2026-04-01,37.4,25.1,0.0,54
2026-04-02,38.2,24.7,0.0,52
2026-04-03,39.2,27.0,1.0,55
2026-04-04,38.4,27.2,2.1,58
2026-04-05,39.3,28.1,0.6,50
2026-04-06,37.5,27.1,1.5,54
2026-04-07,38.2,26.6,0.8,53
2026-04-08,37.2,24.7,3.3,61
2026-04-09,37.8,25.7,0.0,57
2026-04-10,38.5,27.0,0.0,55
2026-04-11,39.2,26.8,0.1,55
2026-04-12,37.8,25.8,0.1,52
2026-04-13,40.1,25.8,0.0,47
2026-04-14,39.8,26.8,0.0,52
2026-04-15,41.0,26.6,0.0,49
2026-04-16,39.5,26.6,0.0,54
2026-04-17,39.8,25.7,0.0,56
2026-04-18,39.8,26.0,0.0,52
2026-04-19,40.0,26.2,0.0,52
2026-04-20,40.5,26.5,0.0,52
2026-04-21,40.5,26.6,0.8,57
2026-04-22,40.2,27.1,0.0,50
2026-04-23,40.2,27.4,0.0,51
2026-04-24,39.8,27.3,0.0,53
2026-04-25,39.2,27.1,0.0,51
2026-04-26,39.6,26.8,0.0,49
2026-04-27,40.3,27.8,0.0,51
2026-04-28,40.5,28.2,0.2,52
2026-04-29,39.5,28.4,0.5,57
2026-04-30,40.3,28.6,0.2,53
2026-05-01,40.7,28.5,0.2,49
2026-05-02,40.2,27.6,1.5,57
2026-05-03,38.8,26.2,0.3,52
2026-05-04,38.3,27.6,7.3,54
2026-05-05,37.2,26.5,12.2,56
2026-05-06,36.0,26.5,8.3,64
2026-05-07,33.8,25.8,9.0,70
2026-05-08,33.6,24.6,11.1,78
2026-05-09,31.4,25.9,15.4,81
2026-05-10,32.2,25.4,0.0,75
2026-05-11,35.9,24.7,0.2,68
2026-05-12,35.7,26.1,0.2,69
2026-05-13,34.1,27.8,0.0,67
2026-05-14,33.5,27.2,0.5,72
2026-05-15,32.8,25.9,2.8,76
2026-05-16,34.2,25.4,0.4,67
2026-05-17,34.8,27.2,10.7,74
2026-05-18,35.0,26.9,0.9,68
2026-05-19,35.5,27.2,0.6,61
2026-05-20,37.5,27.8,1.4,57
2026-05-21,39.2,27.8,0.1,55
2026-05-22,38.8,28.7,0.2,49
2026-05-23,39.2,26.2,4.5,58
2026-05-24,38.8,28.2,1.3,58
2026-05-25,37.0,27.5,0.0,54
2026-05-26,37.5,28.1,3.7,57
2026-05-27,37.7,27.5,1.2,60
